{
  "auc_roc": 0.6806531187511232,
  "pr_auc": 0.27944335946888055,
  "precision": 0.0,
  "recall": 0.0,
  "lift_top_decile": 1.6495601173020527,
  "capture_top_decile": 0.16495601173020527,
  "threshold": 0.5,
  "top_fraction": 0.1,
  "positive_rate": 0.18186666666666668,
  "eval_rows": 15000,
  "confusion": {
    "tp": 0,
    "fp": 0,
    "tn": 12272,
    "fn": 2728
  }
}